IMU1_AccX,IMU1_AccY,IMU1_AccZ,IMU1_GyrX,IMU1_GyrY,IMU1_GyrZ,IMU1_MagX,IMU1_MagY,IMU1_MagZ,IMU2_AccX,IMU2_AccY,IMU2_AccZ,IMU2_GyrX,IMU2_GyrY,IMU2_GyrZ,IMU2_MagX,IMU2_MagY,IMU2_MagZ,IMU3_AccX,IMU3_AccY,IMU3_AccZ,IMU3_GyrX,IMU3_GyrY,IMU3_GyrZ,IMU3_MagX,IMU3_MagY,IMU3_MagZ
3.90625,-24.90234,1007.8125,-0.0353062654385932,0.0230489926347623,-0.0366386497895657,-290.10001,-122.55,257.70001,-1.95312,-33.69141,1041.99219,-0.1753322859968463,0.0371714988101996,0.0381042027624654,22.05,-16.35,65.25,-94.72656,-0.97656,1028.32031,-0.0354394340605204,0.0141225061754373,0.0137228257767306,44.7,80.25,28.05
-1.95312,-7.32422,1020.99609,-0.002264913770313,-0.0023980823922402,-0.0382373713843925,-290.10001,-122.55,257.70001,-9.27734,-46.38672,1032.22656,-0.1605435876459228,0.0691469779042869,0.0033307863445059,22.05,-16.35,65.25,-83.49609,-8.78906,1014.16016,-0.0219831200605693,0.0434333911005048,0.0170536121212365,44.4,78.75,28.8
