IMU1_AccX,IMU1_AccY,IMU1_AccZ,IMU1_GyrX,IMU1_GyrY,IMU1_GyrZ,IMU1_MagX,IMU1_MagY,IMU1_MagZ,IMU2_AccX,IMU2_AccY,IMU2_AccZ,IMU2_GyrX,IMU2_GyrY,IMU2_GyrZ,IMU2_MagX,IMU2_MagY,IMU2_MagZ,IMU3_AccX,IMU3_AccY,IMU3_AccZ,IMU3_GyrX,IMU3_GyrY,IMU3_GyrZ,IMU3_MagX,IMU3_MagY,IMU3_MagZ
320.3125,-128.41797,927.24609,-0.0146553551960711,0.1873230470238978,0.0211837592631559,7.95,-32.7,54.3,84.96094,467.77344,878.41797,-0.0082602942838387,0.0179861415405771,0.0262466103573411,-44.85,57.15,234.89999,171.38672,-643.06641,792.96875,0.006128723668378,-0.0009327039522657,0.0265129476011954,18.15,-86.25,17.55
305.17578,-161.13281,936.52344,-0.0854012292281101,0.1983812786316086,-0.0250473946282958,7.95,-32.7,54.3,89.35547,466.30859,883.78906,-0.0059953805135257,0.0241148652089552,0.0198513749121835,-44.85,57.15,234.89999,170.41016,-638.18359,788.08594,0.0129234649793172,-0.0174532925199432,0.0378376909856858,18.15,-86.25,17.55
317.38281,-169.43359,927.24609,-0.0592879620256213,0.1641408857672083,-0.0534257501340228,7.95,-32.7,54.3,78.61328,475.58594,880.85937,0.0345069046411798,0.0286446927495813,-0.037970859607613,-43.65,59.55,237.60001,165.52734,-622.07031,782.22656,-0.0043966589186989,0.0293108849250675,-0.0038636353651398,18.15,-86.25,17.55
300.78125,-165.03906,931.64062,-0.0129234649793172,0.1666723113143009,-0.0375711792089063,7.95,-32.7,54.3,77.63672,475.58594,888.67187,0.0057288687367461,-0.0122572728038309,0.0009327039522657,-43.65,59.55,237.60001,158.69141,-633.30078,789.55078,-0.0262466103573411,0.0403691165327784,-0.0635512777894679,18.15,-86.25,17.55
310.05859,-128.90625,916.01562,-0.0961929490590414,0.1509510835440367,-0.0271791397766816,7.95,-32.7,54.3,86.42578,490.23437,888.18359,0.0221164632154217,0.0443659205198454,0.0351730968166661,-44.85,55.95,235.95,171.875,-625.0,783.69141,-0.0070612530877186,0.0410353087082646,-0.0579555776746489,17.55,-87.0,16.8
312.01172,-137.20703,937.98828,-0.217033612347672,0.1251041535854023,-0.0791393369378048,9.3,-33.75,54.3,77.63672,471.67969,888.67187,0.0051960197161123,0.0194516945134768,0.0014655529728996,-44.85,55.95,235.95,166.01562,-642.08984,786.13281,-0.0337075438437664,0.0137228257767306,-0.0287778613715085,17.55,-87.0,16.8
